{"urun_listeleme":{"aciklama":"Ürün Listeleme","genislik":"1200","yukseklik":"1800","boyutlandirma":"1"},"urun_detay_iliskili_urunler":{"aciklama":"Ürün Detay - İlişkili Ürünler","genislik":"1200","yukseklik":"1800","boyutlandirma":"1"},"urun_detay_ana_resim":{"aciklama":"Ürün Detay Ana Resim","genislik":"1200","yukseklik":"1800","boyutlandirma":"2"},"urun_detay_thumb":{"aciklama":"Ürün Detay Thumb","genislik":"800","yukseklik":"1200","boyutlandirma":"2"},"urun_detay_buyuk":{"aciklama":"Ürün Detay Büyük Resim","genislik":"800","yukseklik":"1200","boyutlandirma":"2"},"urun_detay_seo":{"aciklama":"Ürün Detay","genislik":"800","yukseklik":"1200","boyutlandirma":"1"},"kategori_listeleme_tipi_1":{"aciklama":"Kategori Listeleme","genislik":"1200","yukseklik":"1800","boyutlandirma":"1"},"kategori_detay":{"aciklama":"Kategori Detay","genislik":"1200","yukseklik":"1800","boyutlandirma":"1"},"kategori_detay_seo":{"aciklama":"Kategori Detay SEO","genislik":"1200","yukseklik":"1800","boyutlandirma":"1"},"marka_listeleme":{"aciklama":"Marka Listeleme","genislik":"1200","yukseklik":"1800","boyutlandirma":"1"},"blog_listeleme":{"aciklama":"Blog Listeleme","genislik":"","yukseklik":"","boyutlandirma":"-1"},"blog_detay":{"aciklama":"Blog Detay","genislik":"","yukseklik":"","boyutlandirma":"-1"},"blog_detay_seo":{"aciklama":"Blog Detay SEO","genislik":"1200","yukseklik":"1800","boyutlandirma":"2"},"sepet_urun_isteleme":{"aciklama":"Sepetteki Ürünler","genislik":"1200","yukseklik":"1800","boyutlandirma":"2"},"odeme_kargo_firma":{"aciklama":"Ödeme - Kargo Listeleme","genislik":"","yukseklik":"","boyutlandirma":"-1"},"popup":{"aciklama":"Popup","genislik":"1200","yukseklik":"1800","boyutlandirma":"2"}}